<?xml version="1.0" encoding="UTF-8"?>
<project-private xmlns="http://www.netbeans.org/ns/project-private/1">
    <editor-bookmarks xmlns="http://www.netbeans.org/ns/editor-bookmarks/2" lastBookmarkId="0"/>
    <open-files xmlns="http://www.netbeans.org/ns/projectui-open-files/2">
        <group>
            <file>file:/C:/xampp/htdocs/begin/indexo.html</file>
            <file>file:/C:/xampp/htdocs/begin/login.php</file>
            <file>file:/C:/xampp/htdocs/begin/css/styles.css</file>
            <file>file:/C:/xampp/htdocs/begin/index.html</file>
            <file>file:/C:/xampp/htdocs/begin/css/styles1.css</file>
            <file>file:/C:/xampp/htdocs/begin/index.php</file>
            <file>file:/C:/xampp/htdocs/begin/form.html</file>
            <file>file:/C:/xampp/htdocs/begin/images/harika.jpg</file>
        </group>
    </open-files>
</project-private>
